{
  "name": "ionic",
  "version": "1.3.5",
  "codename": "hong kong",
  "homepage": "https://github.com/ionic-team/ionic-v1",
  "authors": [
    "Max Lynch <max@drifty.com>",
    "Adam Bradley <adam@drifty.com>",
    "Ben Sperry <ben@drifty.com>"
  ],
  "description": "Advanced HTML5 hybrid mobile app development framework.",
  "main": [
    "css/ionic.css",
    "fonts/*",
    "js/ionic.js",
    "js/ionic-angular.js"
  ],
  "keywords": [
    "mobile",
    "html5",
    "ionic",
    "cordova",
    "phonegap",
    "trigger",
    "triggerio",
    "angularjs",
    "angular"
  ],
  "license": "MIT",
  "private": false,
  "dependencies": {
    "angular": "1.5.3",
    "angular-animate": "1.5.3",
    "angular-sanitize": "1.5.3",
    "angular-ui-router": "0.2.13"
  },
  "_release": "1.3.5",
  "_resolution": {
    "type": "version",
    "tag": "v1.3.5",
    "commit": "c4e4be2e1766b2caf276bd83af4c924533be688a"
  },
  "_source": "https://github.com/ionic-team/ionic-bower.git",
  "_target": "1.3.5",
  "_originalSource": "ionic-team/ionic-bower",
  "_direct": true
}